Time (s),ESC signal (µs),Servo 1 (µs),Servo 2 (µs),Servo 3 (µs),AccX (g),AccY (g),AccZ (g),Torque (N·m),Thrust (kgf),Voltage (V),Current (A),Motor Electrical Speed (RPM),Motor Optical Speed (RPM),Electrical Power (W),Mechanical Power (W),Motor Efficiency (%),Propeller Mech. Efficiency (kgf/W),Overall Efficiency (kgf/W),Left Load Cell (mV),Right Load Cell (mV),Thrust Load Cell (mV),Vibration (g),Burst Current Cutoff (A),Pin State 1,Pin State 2,Pin State 3,Pin State 4,Debug 0,Debug 1,Debug 2,Debug 3,App message
2.958633775,,,,700,-0.000888672,-0.047099609,-0.959404297,-0.030570492,0.012202769,0,-0.046105755,52.1,0,0,0,0,0,0,-0.042535866,-0.250579288,0.012202769,0.060283203,-0.046085908,0,1,1,0.02,0,0,0,0,
2.87364815,,,,714,-0.000800781,-0.047148438,-0.960703125,-0.030577656,0.011974557,0,-0.046666565,52.6,0,0,0,0,0,0,-0.042331412,-0.250423588,0.011974557,0.060947266,-0.046538194,0,1,1,0.015,0,0,0,0,
13.62763853,,,,728,-0.002314453,-0.044980469,-0.962246094,-0.030541554,0.012063985,0,-0.046628799,50.5,0,0,0,0,0,0,-0.042568247,-0.250414735,0.012063985,0.065605469,-0.046409806,0,1,1,0.03,0,0,0,0,
24.34996478,,,,742,-0.001269531,-0.047041016,-0.960234375,-0.030582619,0.012157846,0,-0.046816527,53.61087293,0,0,0,0,0,0,-0.042430904,-0.250556856,0.012157846,0.061044922,-0.046524906,0,1,1,0.04,0,0,0,0,
35.16956398,,,,756,-0.000429688,-0.047900391,-0.959892578,-0.030555712,0.01201963,0,-0.046229153,53.28990845,0,0,0,0,0,0,-0.042530578,-0.250473415,0.01201963,0.059941406,-0.046359464,0,1,1,0.045,0,0,0,0,
45.89428615,,,,770,-0.000380859,-0.047841797,-0.9578125,-0.030563637,0.012085392,0,-0.046373371,51.47679328,0,0,0,0,0,0,-0.042436813,-0.250433583,0.012085392,0.059267578,-0.046457114,0,1,1,0.03,0,0,0,0,
56.14940718,,,,784,0,-0.048271484,-0.957373047,-0.030575792,0.012265085,0,-0.045856897,52.1,0,0,0,0,0,0,-0.042528947,-0.250608441,0.012265085,0.05859375,-0.046110239,0,1,1,0.055,0,0,0,0,
66.62804555,,,,798,-0.001328125,-0.046474609,-0.95921875,-0.030538096,0.011808479,0,-0.045751041,52.2,0,0,0,0,0,0,-0.042679311,-0.250502264,0.011808479,0.060429688,-0.046074173,0,1,1,0.045,0,0,0,0,
77.4074841,,,,812,-0.000136719,-0.048251953,-0.958095703,-0.030555709,0.012038792,0,-0.04691606,52.70403771,0,0,0,0,0,0,-0.042611374,-0.250554194,0.012038792,0.058632813,-0.046681525,0,1,1,0.025,0,0,0,0,
88.33453173,,,,826,-0.002753906,-0.045322266,-0.959726563,-0.030552161,0.012174531,0,-0.046645576,52.52310547,0,0,0,0,0,0,-0.042578167,-0.250496839,0.012174531,0.062207031,-0.046636101,0,1,1,0.045,0,0,0,0,
99.1506359,,,,840,-0.000732422,-0.047275391,-0.960058594,-0.030598628,0.012162055,0,-0.046105832,52.41236142,0,0,0,0,0,0,-0.042444574,-0.250679475,0.012162055,0.060478516,-0.04645285,0,1,1,0.035,0,0,0,0,
110.168325,,,,854,-0.000498047,-0.04765625,-0.958642578,-0.03060228,0.012030413,0,-0.046681718,53.18029373,0,0,0,0,0,0,-0.042407748,-0.250667498,0.012030413,0.059560547,-0.046675172,0,1,1,0.03,0,0,0,0,
121.0138691,,,,868,-0.000771484,-0.047324219,-0.958857422,-0.030567649,0.012030981,0,-0.046972609,52.15388502,0,0,0,0,0,0,-0.042568367,-0.25059244,0.012030981,0.059931641,-0.046799858,0,1,1,0.055,0,0,0,0,
131.7206988,,,,882,-0.000859375,-0.047099609,-0.958994141,-0.030539485,0.011734467,0,-0.046341939,53.2294823,0,0,0,0,0,0,-0.042674273,-0.25050668,0.011734467,0.059316406,-0.046396032,0,1,1,0.02,0,0,0,0,
142.4392814,,,,896,-0.001152344,-0.047285156,-0.959853516,-0.03056898,0.011511911,0,-0.046331174,52.05674816,0,0,0,0,0,0,-0.042637652,-0.250670785,0.011511911,0.060185547,-0.046502117,0,1,1,0.03,0,0,0,0,
153.2780361,,,,910,-0.000576172,-0.048056641,-0.960107422,-0.030573366,0.011468548,0,-0.046282662,53.0296547,0,0,0,0,0,0,-0.042571366,-0.250634349,0.011468548,0.059853516,-0.046245398,0,1,1,0.065,0,0,0,0,
164.03679,,,,924,-0.000419922,-0.048066406,-0.960166016,-0.030555808,0.011462463,0,-0.04625081,52.62099697,0,0,0,0,0,0,-0.042682153,-0.250625644,0.011462463,0.059824219,-0.046583492,0,1,1,0.035,0,0,0,0,
174.6560571,,,,938,-0.001132813,-0.047294922,-0.960800781,-0.030573626,0.011383766,0,-0.046101322,52.79480795,0,0,0,0,0,0,-0.042708105,-0.250772853,0.011383766,0.060664063,-0.046254019,0,1,1,0.045,0,0,0,0,
185.3111528,,,,952,-0.000556641,-0.048125,-0.958251953,-0.030554517,0.011377073,0,-0.046393454,53.15036155,0,0,0,0,0,0,-0.042576138,-0.250510843,0.011377073,0.059677734,-0.046221291,0,1,1,0.045,0,0,0,0,
196.1021874,,,,966,0,-0.04859375,-0.958125,-0.030583589,0.011425889,0,-0.046343144,53.8556841,0,0,0,0,0,0,-0.042609822,-0.250742372,0.011425889,0.05859375,-0.046182021,0,1,1,0.07,0,0,0,0,
206.887174,,,,980,-0.000644531,-0.047939453,-0.960927734,-0.030570538,0.011447559,0,-0.046181224,52.38812029,0,0,0,0,0,0,-0.042757162,-0.250800899,0.011447559,0.060400391,-0.046255587,0,1,1,0.06,0,0,0,0,
217.6761298,,,,994,-0.001113281,-0.047421875,-0.961728516,-0.030540496,0.011322795,0,-0.046583972,53.23553804,0,0,0,0,0,0,-0.042895848,-0.250735138,0.011322795,0.061210938,-0.046483121,0,1,1,0.07,0,0,0,0,
228.1202951,,,,1008,-0.000664063,-0.047900391,-0.959667969,-0.030571526,0.011337417,0,-0.046599555,53.79197264,0,0,0,0,0,0,-0.042655435,-0.250705896,0.011337417,0.059873047,-0.04626661,0,1,1,0.01,0,0,0,0,
238.9827391,,,,1022,-0.000791016,-0.047802734,-0.960390625,-0.030548746,0.011277464,0,-0.046631052,52.40551387,0,0,0,0,0,0,-0.04282943,-0.250724863,0.011277464,0.06015625,-0.046420362,0,1,1,0.06,0,0,0,0,
249.7892785,,,,1036,0,-0.048828125,-0.957861328,-0.030543666,0.011371578,0,-0.046143096,52.8,0,0,0,0,0,0,-0.042845986,-0.25070685,0.011371578,0.05859375,-0.045938018,0,1,1,0.03,0,0,0,0,
260.54733,,,,1050,0,-0.048720703,-0.958056641,-0.030539005,0.011276276,0,-0.046794132,51.39478949,0,0,0,0,0,0,-0.042921829,-0.250750971,0.011276276,0.05859375,-0.046523817,0,1,1,0.055,0,0,0,0,
271.2236044,,,,1064,0,-0.048662109,-0.957910156,-0.030546176,0.011250911,0,-0.045696253,52.75047941,0,0,0,0,0,0,-0.042810567,-0.250688507,0.011250911,0.05859375,-0.045768707,0,1,1,0.05,0,0,0,0,
281.912645,,,,1078,0,-0.048574219,-0.957890625,-0.030547473,0.011088793,0,-0.045762506,53.19023854,0,0,0,0,0,0,-0.042849903,-0.250736675,0.011088793,0.05859375,-0.04582832,0,1,1,0.055,0,0,0,0,
292.6834356,,,,1092,6.83594E-05,-0.048525391,-0.957734375,-0.030574132,0.011212018,0,-0.045985345,51.2381685,0,0,0,0,0,0,-0.042710108,-0.250778298,0.011212018,0.058496094,-0.046077139,0,1,1,0.055,0,0,0,0,
303.6804367,,,,1106,-5.85938E-05,-0.048554688,-0.959433594,-0.030530951,0.011112156,0,-0.045972553,52.6,0,0,0,0,0,0,-0.042974228,-0.250748559,0.011112156,0.059121094,-0.04585774,0,1,1,0.06,0,0,0,0,
313.9264297,,,,1120,0,-0.048720703,-0.957783203,-0.030579536,0.011129577,0,-0.046178726,53.54560858,0,0,0,0,0,0,-0.042694098,-0.25079907,0.011129577,0.05859375,-0.046351543,0,1,1,0.055,0,0,0,0,
323.8390309,,,,1134,0,-0.048544922,-0.957900391,-0.030564201,0.011190692,0,-0.046546083,52.1,0,0,0,0,0,0,-0.042742127,-0.250742739,0.011190692,0.05859375,-0.04638327,0,1,1,0.065,0,0,0,0,
333.7042106,,,,1148,0,-0.048603516,-0.957832031,-0.030524186,0.011081322,0,-0.046268638,52.46479738,0,0,0,0,0,0,-0.043048752,-0.250777045,0.011081322,0.05859375,-0.046378161,0,1,1,0.045,0,0,0,0,
343.6911264,,,,1162,0,-0.048701172,-0.957753906,-0.030570022,0.011240712,0,-0.046121194,52.23915168,0,0,0,0,0,0,-0.042854151,-0.250894373,0.011240712,0.05859375,-0.046279024,0,1,1,0.065,0,0,0,0,
353.5754693,,,,1176,-0.000175781,-0.048505859,-0.958447266,-0.030594644,0.011138942,0,-0.04655689,51.81331029,0,0,0,0,0,0,-0.04271672,-0.250924508,0.011138942,0.058652344,-0.046439586,0,1,1,0.03,0,0,0,0,
363.4793147,,,,1190,-0.000234375,-0.048417969,-0.959111328,-0.030584258,0.01122971,0,-0.046176206,50.38972576,0,0,0,0,0,0,-0.042739088,-0.250876194,0.01122971,0.059111328,-0.04633854,0,1,1,0.06,0,0,0,0,
373.3598837,,,,1204,-0.000410156,-0.048105469,-0.958759766,-0.030545542,0.011097266,0,-0.046316075,51.72477591,0,0,0,0,0,0,-0.042855816,-0.250729442,0.011097266,0.05875,-0.04627009,0,1,1,0.05,0,0,0,0,
383.2350883,,,,1218,-0.001279297,-0.047255859,-0.960449219,-0.030562008,0.011097537,0,-0.046894077,49.3260429,0,0,0,0,0,0,-0.042854803,-0.250840487,0.011097537,0.06078125,-0.04663339,0,1,1,0.05,0,0,0,0,
393.1233004,,,,1232,-0.000888672,-0.047529297,-0.960322266,-0.030577198,0.011261822,0,-0.046581873,48.10140815,0,0,0,0,0,0,-0.042850509,-0.250939565,0.011261822,0.060605469,-0.046689748,0,1,1,0.05,0,0,0,0,
403.0289061,,,,1246,-0.001142578,-0.047119141,-0.961669922,-0.030575688,0.01120772,0,-0.046468293,49.11588146,0,0,0,0,0,0,-0.042828166,-0.250906952,0.01120772,0.061503906,-0.046496428,0,1,1,0.07,0,0,0,0,
412.9157705,,,,1260,-0.001025391,-0.04734375,-0.960634766,-0.030544792,0.011252715,0,-0.046399782,46.42398891,0,0,0,0,0,0,-0.042959951,-0.250828472,0.011252715,0.06109375,-0.046343465,0,1,1,0.075,0,0,0,0,
422.812371,,,,1274,-0.000332031,-0.048125,-0.958544922,-0.030561082,0.011112216,0,-0.046373757,44.9,0,0,0,0,0,0,-0.042906442,-0.250885828,0.011112216,0.058984375,-0.046376051,0,1,1,0.065,0,0,0,0,
432.7260049,,,,1288,-0.000751953,-0.047773438,-0.960546875,-0.030568901,0.011185372,0,-0.04690725,45.0782031,0,0,0,0,0,0,-0.042900941,-0.250933534,0.011185372,0.060507813,-0.046946413,0,1,1,0.07,0,0,0,0,
442.6164466,,,,1302,-0.003251953,-0.044072266,-0.964033203,-0.03056857,0.011400056,0,-0.046135783,43.03183422,0,0,0,0,0,0,-0.042831735,-0.250862079,0.011400056,0.064746094,-0.046155788,0,1,1,0.06,0,0,0,0,
452.5165491,,,,1316,-0.002978516,-0.045058594,-0.963076172,-0.030565226,0.011408334,0,-0.046509705,39.1194086,0,0,0,0,0,0,-0.042879642,-0.250887227,0.011408334,0.063408203,-0.046383929,0,1,1,0.085,0,0,0,0,
462.4512304,,,,1330,-0.001152344,-0.046894531,-0.960537109,-0.030583968,0.011162372,0,-0.046019704,34.9,0,0,0,0,0,0,-0.042777335,-0.250912463,0.011162372,0.061455078,-0.046363069,0,1,1,0.065,0,0,0,0,
472.3779576,,,,1344,-0.000654297,-0.047392578,-0.959824219,-0.030588807,0.011295368,0,-0.046582275,29.58686118,0,0,0,0,0,0,-0.04285839,-0.251026449,0.011295368,0.060058594,-0.046349459,0,1,1,0.045,0,0,0,0,
482.2786668,,,,1358,-0.000390625,-0.047578125,-0.958710938,-0.030560574,0.011191406,0,-0.046537031,23,0,0,0,0,0,0,-0.042885713,-0.250861641,0.011191406,0.059335938,-0.046762718,0,1,1,0.09,0,0,0,0,
492.1727992,,,,1372,-0.000322266,-0.047880859,-0.959589844,-0.030607891,0.011102477,0,-0.047171766,16.1,0,0,0,0,0,0,-0.04272021,-0.251018148,0.011102477,0.060097656,-0.047222833,0,1,1,0.1,0,0,0,0,
502.0561388,,,,1386,-0.0009375,-0.0471875,-0.960185547,-0.030542196,0.011357821,0,-0.047335163,9.281992553,0,0,0,0,0,0,-0.043057777,-0.250908634,0.011357821,0.061015625,-0.046931533,0,1,1,0.055,0,0,0,0,
511.9565662,,,,1400,-0.001953125,-0.046171875,-0.960205078,-0.0305523,0.011136282,0,-0.047320474,5.286252897,0,0,0,0,0,0,-0.042962435,-0.250882051,0.011136282,0.061845703,-0.046982547,0,1,1,0.065,0,0,0,0,
521.872821,,,,700,-0.00140625,-0.046738281,-0.961240234,-0.030557257,0.011175952,0,-0.04648392,0.929016518,0,0,0,0,0,0,-0.042903529,-0.250856879,0.011175952,0.06140625,-0.046348781,0,1,1,0.03,0,0,0,0,
531.761023,,,,714,-0.001982422,-0.045898438,-0.961083984,-0.030558266,0.011184907,0,-0.046650274,53.29989349,0,0,0,0,0,0,-0.042978668,-0.25093889,0.011184907,0.061464844,-0.046373538,0,1,1,0.035,0,0,0,0,
541.6632647,,,,728,-5.85938E-05,-0.047978516,-0.957294922,-0.030538854,0.011268271,0,-0.046190559,53.28983573,0,0,0,0,0,0,-0.042999462,-0.250827572,0.011268271,0.058798828,-0.046311239,0,1,1,0.03,0,0,0,0,
551.5951901,,,,742,0,-0.047988281,-0.957226563,-0.030555937,0.011267042,0,-0.045615072,52.60516493,0,0,0,0,0,0,-0.04303099,-0.250975361,0.011267042,0.05859375,-0.045744009,0,1,1,0.065,0,0,0,0,
561.523558,,,,756,0,-0.048349609,-0.957470703,-0.030549666,0.010982437,0,-0.046801771,52.45285306,0,0,0,0,0,0,-0.04308216,-0.250983853,0.010982437,0.05859375,-0.046722028,0,1,1,0.03,0,0,0,0,
571.442262,,,,770,0,-0.048417969,-0.957539063,-0.030575392,0.010833792,0,-0.045966654,52.99833284,0,0,0,0,0,0,-0.042872487,-0.250949258,0.010833792,0.05859375,-0.046219016,0,1,1,0.03,0,0,0,0,
581.3623459,,,,784,0,-0.048466797,-0.957431641,-0.030532129,0.010916352,0,-0.046177343,52.20227113,0,0,0,0,0,0,-0.043076759,-0.250859106,0.010916352,0.05859375,-0.04620252,0,1,1,0.035,0,0,0,0,
591.2595208,,,,798,0,-0.048085938,-0.957441406,-0.030560468,0.011053375,0,-0.045836229,53.135878,0,0,0,0,0,0,-0.04298044,-0.250955647,0.011053375,0.05859375,-0.04620392,0,1,1,0.035,0,0,0,0,
601.1673873,,,,812,0,-0.047949219,-0.957324219,-0.030542764,0.011127003,0,-0.046847638,53.39209984,0,0,0,0,0,0,-0.043040271,-0.250894995,0.011127003,0.05859375,-0.046799035,0,1,1,0.035,0,0,0,0,
611.0555105,,,,826,0,-0.047998047,-0.957128906,-0.030549666,0.011007573,0,-0.046103842,53,0,0,0,0,0,0,-0.043115029,-0.251016721,0.011007573,0.05859375,-0.046198114,0,1,1,0.055,0,0,0,0,
620.9561895,,,,840,0,-0.048203125,-0.957080078,-0.030566598,0.011068032,0,-0.046088693,51.81948446,0,0,0,0,0,0,-0.042931495,-0.250948417,0.011068032,0.05859375,-0.046153415,0,1,1,0.01,0,0,0,0,
630.8557286,,,,854,0,-0.048027344,-0.957050781,-0.03056806,0.011054967,0,-0.046324905,53.4,0,0,0,0,0,0,-0.043023825,-0.251050693,0.011054967,0.05859375,-0.046306924,0,1,1,0.045,0,0,0,0,
640.7546553,,,,868,0,-0.047880859,-0.956953125,-0.030565592,0.01100461,0,-0.046102054,52.91587976,0,0,0,0,0,0,-0.042983986,-0.250994063,0.01100461,0.05859375,-0.046079699,0,1,1,0.035,0,0,0,0,
650.6512863,,,,882,0,-0.048095703,-0.957080078,-0.030564859,0.011000683,0,-0.045958403,51.9018671,0,0,0,0,0,0,-0.043061518,-0.251066605,0.011000683,0.05859375,-0.045982788,0,1,1,0.045,0,0,0,0,
660.9295006,,,,896,-5.85938E-05,-0.047880859,-0.957861328,-0.030558714,0.010921861,0,-0.045766244,51.93726753,0,0,0,0,0,0,-0.043164914,-0.251128185,0.010921861,0.058710938,-0.046066365,0,1,1,0.045,0,0,0,0,
671.5263031,,,,910,0,-0.048076172,-0.957382813,-0.030574355,0.011022873,0,-0.046529238,52.55593929,0,0,0,0,0,0,-0.042892908,-0.250962619,0.011022873,0.05859375,-0.046500942,0,1,1,0.055,0,0,0,0,
682.0769068,,,,924,0,-0.048173828,-0.957128906,-0.030559452,0.01105676,0,-0.046978067,53.44241864,0,0,0,0,0,0,-0.043060378,-0.25102867,0.01105676,0.05859375,-0.046732622,0,1,1,0.07,0,0,0,0,
692.8913683,,,,938,0,-0.048164063,-0.957138672,-0.030560802,0.01100059,0,-0.046261614,52.24499625,0,0,0,0,0,0,-0.043080441,-0.251057919,0.01100059,0.05859375,-0.046084407,0,1,1,0.045,0,0,0,0,
703.8173262,,,,952,0,-0.047998047,-0.957314453,-0.030554127,0.010953062,0,-0.046180116,52.69012996,0,0,0,0,0,0,-0.043071992,-0.251004042,0.010953062,0.05859375,-0.046038876,0,1,1,0.055,0,0,0,0,
714.8223686,,,,966,0,-0.048046875,-0.957060547,-0.03054755,0.010990283,0,-0.046334913,52.02168313,0,0,0,0,0,0,-0.043200444,-0.25108774,0.010990283,0.05859375,-0.046349058,0,1,1,0.04,0,0,0,0,
725.6390841,,,,980,0,-0.048134766,-0.957080078,-0.030559462,0.010808633,0,-0.046342535,52.6244013,0,0,0,0,0,0,-0.043111331,-0.251079691,0.010808633,0.05859375,-0.04646911,0,1,1,0.05,0,0,0,0,
736.3265848,,,,994,0,-0.048027344,-0.957910156,-0.030524444,0.010877164,0,-0.046450592,52.60467046,0,0,0,0,0,0,-0.043297536,-0.251027585,0.010877164,0.05859375,-0.046196494,0,1,1,0.065,0,0,0,0,
746.9972208,,,,1008,0,-0.048291016,-0.957373047,-0.030542173,0.010956666,0,-0.045508863,53,0,0,0,0,0,0,-0.043198558,-0.251049262,0.010956666,0.05859375,-0.045977715,0,1,1,0.04,0,0,0,0,
757.5802286,,,,1022,0,-0.048095703,-0.957392578,-0.030553869,0.010726768,0,-0.046120998,52.73434702,0,0,0,0,0,0,-0.043127979,-0.251058274,0.010726768,0.05859375,-0.046051501,0,1,1,0.04,0,0,0,0,
768.2774728,,,,1036,0,-0.048105469,-0.9575,-0.030536777,0.010577967,0,-0.045822777,52.98414012,0,0,0,0,0,0,-0.043261345,-0.251075323,0.010577967,0.05859375,-0.045896357,0,1,1,0.06,0,0,0,0,
778.9615801,,,,1050,0,-0.048193359,-0.957177734,-0.030574654,0.010777755,0,-0.046626133,52.78827635,0,0,0,0,0,0,-0.042962146,-0.251033894,0.010777755,0.05859375,-0.046352213,0,1,1,0.035,0,0,0,0,
789.6428355,,,,1064,0,-0.047919922,-0.956933594,-0.030542796,0.010804698,0,-0.04626374,53.5,0,0,0,0,0,0,-0.043328751,-0.251183692,0.010804698,0.05859375,-0.046135462,0,1,1,0.05,0,0,0,0,
800.4382846,,,,1078,0,-0.048134766,-0.957128906,-0.030573597,0.01057848,0,-0.046652654,52.19031173,0,0,0,0,0,0,-0.043086449,-0.251151003,0.01057848,0.05859375,-0.046737691,0,1,1,0.025,0,0,0,0,
811.2487974,,,,1092,-0.001074219,-0.046933594,-0.958603516,-0.030563184,0.010823442,0,-0.046625864,52.98998611,0,0,0,0,0,0,-0.043077232,-0.251070918,0.010823442,0.059736328,-0.046582317,0,1,1,0.045,0,0,0,0,
822.1279662,,,,1106,0,-0.048085938,-0.957714844,-0.03055273,0.010643754,0,-0.046025317,51.1,0,0,0,0,0,0,-0.043129848,-0.251052391,0.010643754,0.05859375,-0.046243289,0,1,1,0.05,0,0,0,0,
832.7738579,,,,1120,0,-0.048066406,-0.9575,-0.030540015,0.010718288,0,-0.046599839,52.72198548,0,0,0,0,0,0,-0.043168887,-0.251004901,0.010718288,0.05859375,-0.046334977,0,1,1,0.055,0,0,0,0,
843.4744881,,,,1134,0,-0.048125,-0.957431641,-0.030570276,0.010816968,0,-0.047102996,53.61311091,0,0,0,0,0,0,-0.043161263,-0.251203216,0.010816968,0.05859375,-0.046952734,0,1,1,0.04,0,0,0,0,
854.2276366,,,,1148,0,-0.048076172,-0.957353516,-0.030566136,0.01079413,0,-0.046651233,51.5531304,0,0,0,0,0,0,-0.043184672,-0.251198453,0.01079413,0.05859375,-0.046631987,0,1,1,0.03,0,0,0,0,
864.9517308,,,,1162,0,-0.048037109,-0.957363281,-0.030546769,0.010761141,0,-0.046367368,51.6554221,0,0,0,0,0,0,-0.043273462,-0.251155443,0.010761141,0.05859375,-0.046355782,0,1,1,0.06,0,0,0,0,
875.7255311,,,,1176,0,-0.048115234,-0.957392578,-0.030559388,0.010784366,0,-0.046397294,52,0,0,0,0,0,0,-0.043227063,-0.251194916,0.010784366,0.05859375,-0.046669809,0,1,1,0.045,0,0,0,0,
886.6278909,,,,1190,-2.92969E-05,-0.048134766,-0.957509766,-0.030551738,0.010397675,0,-0.046458459,50.7,0,0,0,0,0,0,-0.04326196,-0.251177755,0.010397675,0.05859375,-0.046433526,0,1,1,0.045,0,0,0,0,
897.3694998,,,,1204,0,-0.048544922,-0.957246094,-0.030576488,0.010313128,0,-0.045850321,50.77018239,0,0,0,0,0,0,-0.043102836,-0.251187066,0.010313128,0.05859375,-0.046213826,0,1,1,0.065,0,0,0,0,
907.6209611,,,,1218,0,-0.048535156,-0.957539063,-0.030539859,0.010392629,0,-0.046787462,50.46140456,0,0,0,0,0,0,-0.043338502,-0.251173458,0.010392629,0.05859375,-0.046359647,0,1,1,0.065,0,0,0,0,
917.5074098,,,,1232,0,-0.048183594,-0.957226563,-0.030535351,0.010373924,0,-0.046534865,49.50363594,0,0,0,0,0,0,-0.043397214,-0.251201489,0.010373924,0.05859375,-0.046476738,0,1,1,0.06,0,0,0,0,
927.3707541,,,,1246,5.85938E-05,-0.048330078,-0.957314453,-0.030558132,0.010359189,0,-0.046422774,47.76867995,0,0,0,0,0,0,-0.043276131,-0.25123544,0.010359189,0.058427734,-0.046285481,0,1,1,0.05,0,0,0,0,
937.2491266,,,,1260,0,-0.04828125,-0.957363281,-0.030547783,0.010349773,0,-0.046333035,47.13478725,0,0,0,0,0,0,-0.043271823,-0.251160705,0.010349773,0.05859375,-0.0466006,0,1,1,0.08,0,0,0,0,
947.1187574,,,,1274,0,-0.048125,-0.957285156,-0.030556621,0.010312352,0,-0.046825067,46.1,0,0,0,0,0,0,-0.043200922,-0.251149944,0.010312352,0.05859375,-0.046815937,0,1,1,0.08,0,0,0,0,
956.9815064,,,,1288,0,-0.048271484,-0.957480469,-0.030536898,0.010228824,0,-0.046225575,45.47982723,0,0,0,0,0,0,-0.043340855,-0.251155655,0.010228824,0.05859375,-0.046234126,0,1,1,0.075,0,0,0,0,
966.8793048,,,,1302,0,-0.048183594,-0.9571875,-0.030550412,0.010388919,0,-0.046976421,43.38794775,0,0,0,0,0,0,-0.043256509,-0.251163277,0.010388919,0.05859375,-0.046494566,0,1,1,0.09,0,0,0,0,
976.7787961,,,,1316,0,-0.048212891,-0.957158203,-0.030551782,0.010191561,0,-0.045987554,41.02867442,0,0,0,0,0,0,-0.043363423,-0.251279519,0.010191561,0.05859375,-0.046114343,0,1,1,0.06,0,0,0,0,
986.6620963,,,,1330,0,-0.048271484,-0.957070313,-0.030516766,0.010361446,0,-0.046828045,33.95659593,0,0,0,0,0,0,-0.043452544,-0.251130343,0.010361446,0.05859375,-0.046878581,0,1,1,0.05,0,0,0,0,
996.5614033,,,,1344,0,-0.048359375,-0.957128906,-0.030547503,0.010212363,0,-0.04715222,32.79539313,0,0,0,0,0,0,-0.043281505,-0.251168477,0.010212363,0.05859375,-0.046717867,0,1,1,0.07,0,0,0,0,
1006.468871,,,,1358,-0.000195313,-0.047949219,-0.957744141,-0.030540326,0.0103047,0,-0.046888731,29.47883698,0,0,0,0,0,0,-0.043370229,-0.251208363,0.0103047,0.058769531,-0.046738105,0,1,1,0.085,0,0,0,0,
1016.592258,,,,1372,0,-0.048017578,-0.957373047,-0.030543633,0.010227663,0,-0.047391561,19.21359066,0,0,0,0,0,0,-0.043269037,-0.251129676,0.010227663,0.05859375,-0.046783277,0,1,1,0.07,0,0,0,0,
1026.668793,,,,1386,-0.00015625,-0.047949219,-0.957216797,-0.03057815,0.010253971,0,-0.047161223,12.64288469,0,0,0,0,0,0,-0.043093276,-0.251188813,0.010253971,0.05859375,-0.046949169,0,1,1,0.09,0,0,0,0,
1036.562289,,,,1400,0,-0.048017578,-0.957402344,-0.030570234,0.010223012,0,-0.04639472,10.63421074,0,0,0,0,0,0,-0.043302355,-0.251344024,0.010223012,0.05859375,-0.046738288,0,1,1,0.075,0,0,0,0,
1046.466146,,,,700,0,-0.048154297,-0.957529297,-0.030556696,0.010051895,0,-0.046342127,1.393646975,0,0,0,0,0,0,-0.043307377,-0.251256911,0.010051895,0.05859375,-0.046101442,0,1,1,0.035,0,0,0,0,
1056.380271,,,,714,4.88281E-05,-0.048173828,-0.957714844,-0.030566568,0.010100952,0,-0.046052402,15.24225248,0,0,0,0,0,0,-0.043317123,-0.251333843,0.010100952,0.0584375,-0.046204806,0,1,1,0.03,0,0,0,0,
1066.278356,,,,728,0,-0.048310547,-0.957792969,-0.03053097,0.010139108,0,-0.046366902,53.18686368,0,0,0,0,0,0,-0.043583179,-0.251357636,0.010139108,0.05859375,-0.046331187,0,1,1,0.03,0,0,0,0,
1076.205498,,,,742,0,-0.048242188,-0.957519531,-0.030565123,0.010083744,0,-0.045870432,54,0,0,0,0,0,0,-0.043272097,-0.25127898,0.010083744,0.05859375,-0.046280298,0,1,1,0.045,0,0,0,0,
1086.112634,,,,756,0,-0.048134766,-0.957705078,-0.030562082,0.010257417,0,-0.046159453,53.80384621,0,0,0,0,0,0,-0.043302508,-0.251288694,0.010257417,0.05859375,-0.045970258,0,1,1,0.015,0,0,0,0,
1096.000455,,,,770,0,-0.048144531,-0.957802734,-0.030536056,0.009957363,0,-0.046210739,52.49061971,0,0,0,0,0,0,-0.043378901,-0.251187973,0.009957363,0.05859375,-0.04621071,0,1,1,0.04,0,0,0,0,
1105.892389,,,,784,0,-0.048203125,-0.957548828,-0.030553109,0.009940571,0,-0.046788877,52.10205749,0,0,0,0,0,0,-0.043277379,-0.251202501,0.009940571,0.05859375,-0.046616188,0,1,1,0.045,0,0,0,0,
1115.809079,,,,798,0,-0.048203125,-0.957548828,-0.030540049,0.010065203,0,-0.046570474,53.61440823,0,0,0,0,0,0,-0.043290118,-0.251126364,0.010065203,0.05859375,-0.046160622,0,1,1,0.035,0,0,0,0,
1125.727483,,,,812,0,-0.048095703,-0.957753906,-0.030532682,0.009944079,0,-0.046121241,52.17633911,0,0,0,0,0,0,-0.043335679,-0.251121793,0.009944079,0.05859375,-0.046215269,0,1,1,0.045,0,0,0,0,
1135.629584,,,,826,0,-0.048261719,-0.957607422,-0.030532312,0.009966833,0,-0.046900588,51.78153167,0,0,0,0,0,0,-0.043408197,-0.251191788,0.009966833,0.05859375,-0.046651867,0,1,1,0.04,0,0,0,0,
1145.556172,,,,840,0,-0.048251953,-0.957480469,-0.030556757,0.009951036,0,-0.046406208,53.67653295,0,0,0,0,0,0,-0.043359548,-0.251309499,0.009951036,0.05859375,-0.046449708,0,1,1,0.045,0,0,0,0,
1155.476605,,,,854,0,-0.048193359,-0.957646484,-0.030534612,0.010050977,0,-0.046215904,53.21797416,0,0,0,0,0,0,-0.043329387,-0.251128629,0.010050977,0.05859375,-0.046185659,0,1,1,0.04,0,0,0,0,
1165.397417,,,,868,0,-0.048242188,-0.957675781,-0.030554238,0.009922311,0,-0.046285011,52.6984635,0,0,0,0,0,0,-0.043350548,-0.251283356,0.009922311,0.05859375,-0.046324261,0,1,1,0.035,0,0,0,0,
1175.308264,,,,882,0,-0.048251953,-0.957744141,-0.030569991,0.009900175,0,-0.04637274,52.58331345,0,0,0,0,0,0,-0.043311347,-0.251351356,0.009900175,0.05859375,-0.04644608,0,1,1,0.04,0,0,0,0,
1185.208426,,,,896,0,-0.048222656,-0.957783203,-0.030547764,0.0098171,0,-0.046576078,53.57395371,0,0,0,0,0,0,-0.043310821,-0.251199572,0.0098171,0.05859375,-0.046454277,0,1,1,0.035,0,0,0,0,
1195.111118,,,,910,0,-0.048212891,-0.957685547,-0.030542568,0.009845289,0,-0.04635697,52.8,0,0,0,0,0,0,-0.043438323,-0.25129171,0.009845289,0.05859375,-0.046326197,0,1,1,0.065,0,0,0,0,
1204.997213,,,,924,0,-0.048359375,-0.957705078,-0.030545916,0.009837733,0,-0.046217538,52.29128941,0,0,0,0,0,0,-0.043398439,-0.251274611,0.009837733,0.05859375,-0.046359716,0,1,1,0.045,0,0,0,0,
1214.871201,,,,938,0,-0.048193359,-0.957568359,-0.030536342,0.00993579,0,-0.045898683,52.84595475,0,0,0,0,0,0,-0.043370494,-0.25118151,0.00993579,0.05859375,-0.04605845,0,1,1,0.04,0,0,0,0,
1224.792911,,,,952,0,-0.048330078,-0.9578125,-0.030528507,0.009901696,0,-0.046362027,53.00533598,0,0,0,0,0,0,-0.043496618,-0.251254314,0.009901696,0.05859375,-0.046463914,0,1,1,0.06,0,0,0,0,
1234.708418,,,,966,0,-0.048193359,-0.957763672,-0.030550872,0.009792162,0,-0.045961506,51.89800994,0,0,0,0,0,0,-0.043328339,-0.251238239,0.009792162,0.05859375,-0.045780027,0,1,1,0.045,0,0,0,0,
1244.602836,,,,980,0,-0.048037109,-0.957724609,-0.030573651,0.009919986,0,-0.046631982,52.7,0,0,0,0,0,0,-0.043352792,-0.251417713,0.009919986,0.05859375,-0.046435443,0,1,1,0.055,0,0,0,0,
1254.492188,,,,994,0,-0.048203125,-0.957695313,-0.030570839,0.009902044,0,-0.046600857,52.6,0,0,0,0,0,0,-0.043329401,-0.251375183,0.009902044,0.05859375,-0.046631747,0,1,1,0.06,0,0,0,0,
1264.395397,,,,1008,0,-0.04828125,-0.957705078,-0.030560023,0.009767699,0,-0.046224581,51.86746805,0,0,0,0,0,0,-0.043356798,-0.251328974,0.009767699,0.05859375,-0.046451708,0,1,1,0.05,0,0,0,0,
1274.31038,,,,1022,0,-0.048164063,-0.957636719,-0.030550913,0.009862544,0,-0.046423769,53.78060068,0,0,0,0,0,0,-0.043439824,-0.251350005,0.009862544,0.05859375,-0.04626234,0,1,1,0.015,0,0,0,0,
1284.223031,,,,1036,0,-0.048222656,-0.957744141,-0.030584062,0.009830364,0,-0.046870399,52.4145555,0,0,0,0,0,0,-0.043287892,-0.251423662,0.009830364,0.05859375,-0.046706404,0,1,1,0.045,0,0,0,0,
1294.566536,,,,1050,-0.0003125,-0.047626953,-0.958476563,-0.030560843,0.00978324,0,-0.046001764,51.7,0,0,0,0,0,0,-0.043475725,-0.251453482,0.00978324,0.058935547,-0.046154361,0,1,1,0.065,0,0,0,0,
1305.447225,,,,1064,0,-0.048203125,-0.958525391,-0.03055259,0.009629683,0,-0.046554879,53.1,0,0,0,0,0,0,-0.043351638,-0.251273227,0.009629683,0.058691406,-0.046289556,0,1,1,0.06,0,0,0,0,
1316.183968,,,,1078,-0.000439453,-0.047382813,-0.958720703,-0.030577715,0.009952975,0,-0.046622191,51.85880488,0,0,0,0,0,0,-0.043143455,-0.251236035,0.009952975,0.059619141,-0.046612488,0,1,1,0.085,0,0,0,0,
1326.970484,,,,1092,0,-0.048359375,-0.957480469,-0.030565944,0.009961518,0,-0.046674122,52.16061602,0,0,0,0,0,0,-0.043376332,-0.251388804,0.009961518,0.05859375,-0.046522044,0,1,1,0.095,0,0,0,0,
1337.854546,,,,1106,0,-0.048457031,-0.957412109,-0.030531623,0.009891906,0,-0.046561509,52.36919024,0,0,0,0,0,0,-0.043507556,-0.251286461,0.009891906,0.05859375,-0.046950507,0,1,1,0.045,0,0,0,0,
1348.606052,,,,1120,0,-0.048212891,-0.958320313,-0.030582828,0.009769776,0,-0.046579368,52.01224964,0,0,0,0,0,0,-0.04322241,-0.251349784,0.009769776,0.05859375,-0.046624548,0,1,1,0.045,0,0,0,0,
1359.253614,,,,1134,0,-0.048291016,-0.9575,-0.030548365,0.009843643,0,-0.046839547,52.6138739,0,0,0,0,0,0,-0.043386259,-0.251279099,0.009843643,0.05859375,-0.046371045,0,1,1,0.07,0,0,0,0,
1370.040424,,,,1148,0,-0.048144531,-0.957431641,-0.030551091,0.009747249,0,-0.046758887,53.01630588,0,0,0,0,0,0,-0.043296345,-0.251207738,0.009747249,0.05859375,-0.046803959,0,1,1,0.065,0,0,0,0,
1380.924565,,,,1162,-2.92969E-05,-0.048193359,-0.957871094,-0.030541837,0.009695062,0,-0.046336677,51.79458222,0,0,0,0,0,0,-0.043457098,-0.251305513,0.009695062,0.05859375,-0.046402949,0,1,1,0.045,0,0,0,0,
1391.675184,,,,1176,-8.78906E-05,-0.048037109,-0.958066406,-0.030549597,0.009823427,0,-0.045886096,52.1,0,0,0,0,0,0,-0.04334092,-0.251242145,0.009823427,0.058710938,-0.045912805,0,1,1,0.055,0,0,0,0,
1402.46618,,,,1190,-0.000625,-0.047597656,-0.958291016,-0.030540495,0.009706517,0,-0.046232508,52.20684465,0,0,0,0,0,0,-0.043494325,-0.251333607,0.009706517,0.059365234,-0.046277444,0,1,1,0.04,0,0,0,0,
1413.348836,,,,1204,-0.000410156,-0.047636719,-0.959130859,-0.030567812,0.009826824,0,-0.046693391,50.02616103,0,0,0,0,0,0,-0.043321226,-0.25134641,0.009826824,0.059892578,-0.046401411,0,1,1,0.06,0,0,0,0,
1424.093652,,,,1218,0,-0.048164063,-0.957431641,-0.030578623,0.009697267,0,-0.046610455,49.86612276,0,0,0,0,0,0,-0.043162851,-0.251261608,0.009697267,0.05859375,-0.046797251,0,1,1,0.04,0,0,0,0,
1434.908617,,,,1232,0,-0.048349609,-0.957695313,-0.03056115,0.009715534,0,-0.046559174,48.6,0,0,0,0,0,0,-0.043230571,-0.251210415,0.009715534,0.05859375,-0.046402831,0,1,1,0.045,0,0,0,0,
1445.64249,,,,1246,0,-0.048251953,-0.957421875,-0.030566099,0.009707692,0,-0.046530117,48.59997586,0,0,0,0,0,0,-0.043378751,-0.25139228,0.009707692,0.05859375,-0.04622227,0,1,1,0.04,0,0,0,0,
1456.416692,,,,1260,-0.000117188,-0.04828125,-0.957734375,-0.030553828,0.00976879,0,-0.04688251,47.74955836,0,0,0,0,0,0,-0.043365368,-0.251295383,0.00976879,0.05859375,-0.046493415,0,1,1,0.045,0,0,0,0,
1467.161222,,,,1274,0,-0.048183594,-0.957578125,-0.030535714,0.00959393,0,-0.0464067,46.63530787,0,0,0,0,0,0,-0.043409707,-0.251216448,0.00959393,0.05859375,-0.046535389,0,1,1,0.04,0,0,0,0,
1477.921538,,,,1288,0,-0.048212891,-0.95765625,-0.030578196,0.00972172,0,-0.046654682,45.6,0,0,0,0,0,0,-0.043415692,-0.251511544,0.00972172,0.05859375,-0.046666833,0,1,1,0.055,0,0,0,0,
1488.776449,,,,1302,0,-0.048261719,-0.957304688,-0.030548057,0.009586612,0,-0.046283356,43.86282817,0,0,0,0,0,0,-0.043447001,-0.251337745,0.009586612,0.05859375,-0.046241945,0,1,1,0.055,0,0,0,0,
1499.391896,,,,1316,0,-0.048164063,-0.957568359,-0.030550112,0.009642785,0,-0.047051242,38.03849225,0,0,0,0,0,0,-0.043351209,-0.25125594,0.009642785,0.05859375,-0.046808304,0,1,1,0.075,0,0,0,0,
1509.958999,,,,1330,0,-0.048046875,-0.957412109,-0.030552042,0.009727222,0,-0.046523374,34.95675305,0,0,0,0,0,0,-0.043415285,-0.251333146,0.009727222,0.05859375,-0.046959929,0,1,1,0.06,0,0,0,0,
1520.630044,,,,1344,0,-0.048251953,-0.957451172,-0.030553914,0.009819905,0,-0.047079135,31.40007654,0,0,0,0,0,0,-0.04332399,-0.251254591,0.009819905,0.05859375,-0.046957369,0,1,1,0.07,0,0,0,0,
1531.380267,,,,1358,0,-0.047949219,-0.957353516,-0.030569775,0.009826782,0,-0.046395909,24.55027237,0,0,0,0,0,0,-0.043396155,-0.251434698,0.009826782,0.05859375,-0.046465937,0,1,1,0.065,0,0,0,0,
1541.667211,,,,1372,0,-0.048105469,-0.957412109,-0.030564831,0.009660577,0,-0.046449111,20.27610224,0,0,0,0,0,0,-0.043356666,-0.251361562,0.009660577,0.05859375,-0.046330978,0,1,1,0.055,0,0,0,0,
1551.539989,,,,1386,0,-0.048095703,-0.957441406,-0.03056186,0.009519401,0,-0.046599048,20.13138633,0,0,0,0,0,0,-0.043357203,-0.251341883,0.009519401,0.05859375,-0.046721031,0,1,1,0.055,0,0,0,0,
1561.422843,,,,1400,0,-0.048085938,-0.957353516,-0.030567936,0.009484108,0,-0.047051078,13.75656859,0,0,0,0,0,0,-0.043330066,-0.251356093,0.009484108,0.05859375,-0.046788174,0,1,1,0.06,0,0,0,0,
